count,trip,avg,Cluster,Description
-0.4878597629174548,-0.4699686766191448,-0.6907198183856322,0,Cluster 0 - New or Inactive Riders
0.12920619809366252,0.0024327490378721083,-0.029166511829686742,1,Cluster 1 - Occasional Riders
-0.4070846896891221,-0.15591173136360173,1.5491057136941273,2,Cluster 2 - Moderately Active Passengers
1.928945476296772,1.5145810702516513,0.34609235637294194,3,Cluster 3 - Regular Riders
4.030678130460398,4.633396637218891,1.3489357685425947,4,Cluster 4 - Highly Active Passengers
