Feature,Mean,Variance
count,3.844518285970563,21.79200760319439
trip,6.030619317486852,90.20234863181666
avg,1.4150939780649894,0.361151174557857
