Feature,Mean,Variance
count,3.8019286403085824,20.961124892082694
trip,5.917989928211722,85.14329399168398
avg,1.3827003821565056,0.3048223532806855
