count,trip,avg,Cluster,Description
-0.5603670773021908,-0.5115179698984106,-0.546605401398617,0,Cluster 0 - New or Inactive Riders
0.3328845798109642,0.15368749477485047,-0.0011043295102078623,1,Cluster 1 - Occasional Riders
-0.3338685129234589,-0.08904945304023713,2.010375176021041,2,Cluster 2 - Moderately Active Passengers
1.807985023231157,1.5026545242353115,0.5898681713253363,3,Cluster 3 - Regular Riders
3.53837220248549,4.302266465883852,2.217226885864374,4,Cluster 4 - Highly Active Passengers
