Feature,Mean,Variance
count,4.399355396000543,21.681682166207352
trip,5.690757330993135,58.1509969017507
avg,1.1702371221855146,0.09699753555928736
