Feature,Mean,Variance
count,4.187187504710573,19.820613164726243
trip,5.331387061277749,51.04233066948764
avg,1.1583025423001223,0.0909187133439516
