,Feature,Mean,Variance
0,frequency,4.399355396,21.68168217
1,total,5.690759299,58.15123227
2,avg_per_day,1.170237181,0.0969976471