,Feature,Mean,Variance
0,frequency_count,4.399355396000543,21.681682166207352
1,total_trips,5.6907592986488105,58.15123226973862
2,avg_trips_per_day,1.1702371812151848,0.09699764709736622
